,2005_Both sexes,2005_Male,2005_Female,2006_Both sexes,2006_Male,2006_Female,2007_Both sexes,2007_Male,2007_Female,2008_Both sexes,2008_Male,2008_Female,2009_Both sexes,2009_Male,2009_Female,2010_Both sexes,2010_Male,2010_Female,2011_Both sexes,2011_Male,2011_Female,2012_Both sexes,2012_Male,2012_Female,2013_Both sexes,2013_Male,2013_Female,2014_Both sexes,2014_Male,2014_Female,2015_Both sexes,2015_Male,2015_Female
総     数,127768 ,62349 ,65419 ,127770 ,62330 ,65440 ,127771 ,62310 ,65461 ,127692 ,62251 ,65441 ,127510 ,62130 ,65380 ,128057 ,62328 ,65730 ,127799 ,62184 ,65615 ,127515 ,62029 ,65486 ,127298 ,61909 ,65388 ,127083 ,61801 ,65282 ,127095 ,61842 ,65253 
0,1061 ,542 ,519 ,1084 ,556 ,528 ,1094 ,562 ,533 ,1101 ,565 ,536 ,1078 ,553 ,525 ,1048 ,537 ,512 ,1068 ,549 ,520 ,1044 ,535 ,509 ,1042 ,534 ,508 ,1020 ,524 ,496 ,961 ,491 ,470 
1,1095 ,560 ,535 ,1054 ,539 ,515 ,1077 ,552 ,524 ,1087 ,558 ,529 ,1092 ,560 ,532 ,1048 ,536 ,512 ,1045 ,535 ,510 ,1067 ,548 ,519 ,1042 ,534 ,508 ,1041 ,533 ,508 ,974 ,499 ,475 
2,1120 ,574 ,546 ,1094 ,560 ,534 ,1052 ,537 ,515 ,1075 ,551 ,523 ,1084 ,556 ,528 ,1077 ,551 ,526 ,1045 ,535 ,511 ,1044 ,534 ,510 ,1067 ,548 ,519 ,1042 ,534 ,508 ,1010 ,516 ,494 
3,1154 ,591 ,562 ,1119 ,574 ,545 ,1093 ,559 ,534 ,1051 ,537 ,514 ,1072 ,550 ,522 ,1072 ,549 ,523 ,1074 ,550 ,525 ,1045 ,534 ,510 ,1044 ,534 ,509 ,1067 ,548 ,519 ,1016 ,520 ,497 
4,1169 ,600 ,569 ,1153 ,591 ,562 ,1118 ,573 ,545 ,1091 ,558 ,533 ,1050 ,536 ,513 ,1064 ,545 ,519 ,1070 ,548 ,522 ,1073 ,549 ,524 ,1044 ,534 ,510 ,1044 ,534 ,509 ,1045 ,535 ,509 
5,1187 ,610 ,577 ,1167 ,599 ,568 ,1151 ,590 ,561 ,1115 ,572 ,544 ,1088 ,557 ,532 ,1061 ,543 ,518 ,1062 ,544 ,518 ,1069 ,547 ,522 ,1073 ,549 ,524 ,1044 ,534 ,510 ,1048 ,537 ,510 
6,1184 ,607 ,577 ,1184 ,608 ,576 ,1164 ,597 ,567 ,1147 ,588 ,559 ,1111 ,570 ,542 ,1101 ,563 ,538 ,1059 ,542 ,517 ,1061 ,543 ,518 ,1069 ,547 ,522 ,1073 ,549 ,524 ,1059 ,542 ,516 
7,1198 ,614 ,584 ,1182 ,606 ,576 ,1183 ,607 ,575 ,1162 ,596 ,566 ,1145 ,587 ,558 ,1120 ,574 ,546 ,1100 ,562 ,538 ,1059 ,542 ,517 ,1061 ,543 ,518 ,1069 ,547 ,522 ,1079 ,553 ,526 
8,1193 ,611 ,582 ,1197 ,613 ,584 ,1182 ,606 ,576 ,1181 ,607 ,575 ,1160 ,595 ,565 ,1150 ,589 ,561 ,1119 ,574 ,545 ,1099 ,562 ,537 ,1059 ,542 ,517 ,1062 ,543 ,518 ,1071 ,549 ,522 
9,1188 ,609 ,579 ,1193 ,610 ,582 ,1196 ,613 ,583 ,1181 ,605 ,576 ,1180 ,606 ,574 ,1166 ,597 ,568 ,1150 ,589 ,561 ,1118 ,573 ,545 ,1099 ,562 ,537 ,1059 ,542 ,517 ,1063 ,544 ,519 
10,1209 ,619 ,590 ,1187 ,608 ,579 ,1191 ,610 ,582 ,1195 ,612 ,583 ,1179 ,604 ,574 ,1178 ,605 ,573 ,1165 ,597 ,568 ,1149 ,588 ,561 ,1118 ,573 ,545 ,1100 ,562 ,537 ,1065 ,545 ,520 
11,1210 ,620 ,590 ,1208 ,619 ,589 ,1185 ,607 ,578 ,1190 ,609 ,581 ,1193 ,611 ,582 ,1179 ,604 ,576 ,1177 ,604 ,573 ,1165 ,597 ,568 ,1149 ,589 ,561 ,1119 ,574 ,545 ,1103 ,564 ,539 
12,1192 ,611 ,581 ,1209 ,620 ,589 ,1207 ,618 ,589 ,1185 ,607 ,578 ,1188 ,608 ,580 ,1198 ,613 ,585 ,1179 ,604 ,576 ,1177 ,604 ,573 ,1166 ,597 ,568 ,1150 ,589 ,561 ,1123 ,575 ,547 
13,1214 ,623 ,591 ,1191 ,611 ,580 ,1209 ,619 ,589 ,1207 ,618 ,589 ,1183 ,606 ,577 ,1193 ,610 ,583 ,1198 ,613 ,585 ,1179 ,603 ,575 ,1177 ,604 ,573 ,1166 ,597 ,569 ,1156 ,593 ,564 
14,1212 ,621 ,591 ,1213 ,622 ,591 ,1191 ,611 ,580 ,1208 ,619 ,589 ,1206 ,618 ,589 ,1185 ,607 ,578 ,1193 ,610 ,583 ,1198 ,613 ,585 ,1179 ,604 ,576 ,1178 ,605 ,573 ,1173 ,602 ,571 
15,1238 ,635 ,603 ,1213 ,621 ,591 ,1213 ,622 ,591 ,1191 ,610 ,580 ,1208 ,619 ,589 ,1222 ,627 ,595 ,1186 ,607 ,578 ,1193 ,610 ,583 ,1198 ,613 ,585 ,1180 ,604 ,576 ,1201 ,618 ,583 
16,1278 ,656 ,621 ,1238 ,635 ,603 ,1212 ,621 ,591 ,1213 ,622 ,590 ,1190 ,610 ,580 ,1229 ,632 ,597 ,1221 ,627 ,595 ,1185 ,607 ,578 ,1193 ,610 ,583 ,1198 ,613 ,585 ,1202 ,618 ,584 
17,1318 ,678 ,640 ,1279 ,657 ,622 ,1238 ,635 ,604 ,1211 ,621 ,591 ,1212 ,622 ,590 ,1205 ,619 ,586 ,1228 ,632 ,597 ,1221 ,627 ,594 ,1186 ,608 ,578 ,1193 ,611 ,583 ,1220 ,628 ,593 
18,1362 ,700 ,662 ,1324 ,680 ,644 ,1285 ,658 ,627 ,1245 ,636 ,609 ,1216 ,622 ,594 ,1223 ,628 ,595 ,1210 ,621 ,589 ,1234 ,633 ,601 ,1229 ,630 ,599 ,1196 ,612 ,584 ,1218 ,625 ,593 
19,1396 ,720 ,677 ,1370 ,703 ,668 ,1333 ,683 ,650 ,1295 ,662 ,633 ,1253 ,640 ,614 ,1214 ,621 ,593 ,1230 ,631 ,599 ,1216 ,623 ,593 ,1241 ,637 ,604 ,1238 ,635 ,603 ,1214 ,624 ,590 
20,1449 ,745 ,703 ,1403 ,723 ,680 ,1379 ,706 ,673 ,1344 ,688 ,656 ,1302 ,665 ,637 ,1236 ,630 ,606 ,1219 ,623 ,596 ,1234 ,633 ,601 ,1221 ,626 ,595 ,1248 ,642 ,606 ,1231 ,632 ,599 
21,1477 ,758 ,720 ,1452 ,747 ,705 ,1408 ,725 ,683 ,1386 ,710 ,676 ,1347 ,690 ,657 ,1268 ,645 ,623 ,1237 ,632 ,605 ,1221 ,625 ,596 ,1238 ,635 ,602 ,1227 ,631 ,596 ,1224 ,628 ,596 
22,1488 ,761 ,727 ,1484 ,761 ,723 ,1460 ,751 ,709 ,1415 ,729 ,686 ,1388 ,712 ,676 ,1308 ,668 ,641 ,1270 ,648 ,622 ,1242 ,636 ,606 ,1228 ,630 ,598 ,1247 ,642 ,605 ,1201 ,615 ,585 
23,1476 ,750 ,725 ,1494 ,765 ,729 ,1492 ,766 ,726 ,1465 ,755 ,711 ,1414 ,729 ,684 ,1343 ,684 ,658 ,1306 ,668 ,638 ,1270 ,650 ,621 ,1246 ,639 ,607 ,1233 ,635 ,599 ,1219 ,624 ,594 
24,1492 ,760 ,732 ,1479 ,753 ,726 ,1499 ,768 ,730 ,1495 ,768 ,727 ,1463 ,754 ,709 ,1369 ,699 ,670 ,1338 ,683 ,655 ,1304 ,668 ,637 ,1272 ,651 ,621 ,1248 ,642 ,606 ,1216 ,622 ,594 
25,1553 ,790 ,763 ,1494 ,761 ,732 ,1483 ,756 ,727 ,1500 ,769 ,730 ,1490 ,765 ,725 ,1425 ,725 ,700 ,1364 ,697 ,667 ,1335 ,681 ,653 ,1304 ,668 ,636 ,1272 ,652 ,620 ,1239 ,632 ,606 
26,1595 ,811 ,785 ,1555 ,792 ,763 ,1496 ,763 ,733 ,1483 ,756 ,727 ,1494 ,766 ,728 ,1470 ,748 ,722 ,1420 ,723 ,697 ,1360 ,695 ,665 ,1334 ,681 ,652 ,1303 ,668 ,635 ,1268 ,647 ,621 
27,1662 ,842 ,819 ,1596 ,811 ,785 ,1557 ,793 ,764 ,1496 ,763 ,733 ,1478 ,752 ,725 ,1490 ,757 ,732 ,1464 ,745 ,719 ,1416 ,721 ,695 ,1360 ,695 ,665 ,1332 ,681 ,651 ,1310 ,669 ,641 
28,1709 ,866 ,842 ,1661 ,843 ,819 ,1597 ,812 ,785 ,1556 ,792 ,764 ,1490 ,760 ,731 ,1495 ,758 ,737 ,1483 ,754 ,729 ,1460 ,743 ,717 ,1414 ,720 ,695 ,1358 ,694 ,664 ,1346 ,686 ,660 
29,1795 ,910 ,885 ,1708 ,866 ,842 ,1662 ,843 ,819 ,1595 ,811 ,784 ,1551 ,789 ,762 ,1511 ,767 ,745 ,1488 ,754 ,734 ,1478 ,751 ,727 ,1458 ,742 ,717 ,1412 ,719 ,694 ,1370 ,699 ,672 
30,1881 ,954 ,927 ,1794 ,910 ,884 ,1707 ,866 ,841 ,1659 ,842 ,817 ,1589 ,808 ,781 ,1578 ,801 ,777 ,1506 ,764 ,742 ,1483 ,751 ,732 ,1475 ,750 ,726 ,1456 ,741 ,716 ,1424 ,723 ,701 
31,1981 ,1004 ,977 ,1879 ,953 ,926 ,1792 ,909 ,882 ,1704 ,865 ,839 ,1653 ,838 ,815 ,1617 ,821 ,796 ,1572 ,797 ,774 ,1500 ,761 ,739 ,1480 ,750 ,730 ,1473 ,748 ,725 ,1471 ,746 ,725 
32,2018 ,1020 ,998 ,1979 ,1004 ,975 ,1877 ,953 ,924 ,1788 ,908 ,880 ,1698 ,862 ,836 ,1686 ,855 ,830 ,1612 ,818 ,794 ,1567 ,795 ,772 ,1498 ,760 ,738 ,1478 ,748 ,730 ,1493 ,757 ,736 
33,1980 ,1003 ,978 ,2015 ,1019 ,997 ,1976 ,1002 ,973 ,1874 ,951 ,923 ,1783 ,905 ,878 ,1727 ,876 ,851 ,1681 ,852 ,828 ,1607 ,816 ,792 ,1565 ,793 ,772 ,1496 ,759 ,738 ,1496 ,757 ,738 
34,1935 ,978 ,957 ,1977 ,1001 ,976 ,2012 ,1017 ,995 ,1971 ,1000 ,971 ,1869 ,948 ,920 ,1812 ,920 ,892 ,1723 ,873 ,849 ,1676 ,850 ,826 ,1605 ,814 ,791 ,1563 ,792 ,771 ,1512 ,767 ,745 
35,1880 ,950 ,930 ,1932 ,976 ,955 ,1973 ,1000 ,974 ,2008 ,1016 ,992 ,1966 ,998 ,969 ,1896 ,962 ,933 ,1808 ,917 ,890 ,1718 ,871 ,847 ,1674 ,848 ,826 ,1603 ,813 ,790 ,1578 ,800 ,778 
36,1849 ,932 ,916 ,1877 ,949 ,928 ,1928 ,975 ,953 ,1969 ,998 ,971 ,2002 ,1013 ,989 ,1998 ,1014 ,984 ,1891 ,960 ,931 ,1803 ,915 ,888 ,1715 ,869 ,846 ,1672 ,847 ,825 ,1619 ,821 ,798 
37,1814 ,915 ,899 ,1846 ,931 ,915 ,1874 ,947 ,926 ,1924 ,973 ,951 ,1964 ,995 ,969 ,2033 ,1030 ,1003 ,1994 ,1012 ,982 ,1886 ,957 ,929 ,1801 ,913 ,887 ,1714 ,868 ,846 ,1683 ,853 ,830 
38,1810 ,913 ,896 ,1811 ,913 ,898 ,1843 ,929 ,914 ,1869 ,945 ,924 ,1918 ,970 ,948 ,1994 ,1012 ,982 ,2029 ,1028 ,1001 ,1989 ,1009 ,980 ,1884 ,955 ,929 ,1799 ,912 ,887 ,1727 ,876 ,851 
39,1419 ,714 ,705 ,1807 ,912 ,895 ,1808 ,912 ,896 ,1839 ,927 ,912 ,1864 ,942 ,922 ,1943 ,984 ,959 ,1990 ,1010 ,981 ,2025 ,1025 ,999 ,1986 ,1007 ,979 ,1882 ,954 ,928 ,1810 ,918 ,892 
40,1761 ,887 ,874 ,1417 ,713 ,704 ,1804 ,910 ,893 ,1805 ,910 ,895 ,1835 ,925 ,910 ,1889 ,956 ,933 ,1940 ,982 ,958 ,1986 ,1007 ,979 ,2022 ,1023 ,999 ,1985 ,1006 ,979 ,1890 ,958 ,932 
41,1650 ,832 ,818 ,1758 ,886 ,872 ,1415 ,712 ,703 ,1799 ,908 ,891 ,1800 ,908 ,893 ,1861 ,939 ,921 ,1886 ,954 ,931 ,1935 ,979 ,956 ,1983 ,1006 ,978 ,2020 ,1022 ,998 ,1995 ,1013 ,982 
42,1608 ,810 ,798 ,1648 ,830 ,817 ,1755 ,884 ,871 ,1411 ,710 ,702 ,1793 ,905 ,889 ,1821 ,918 ,903 ,1858 ,937 ,920 ,1881 ,952 ,929 ,1933 ,977 ,955 ,1981 ,1004 ,977 ,2029 ,1026 ,1003 
43,1556 ,783 ,773 ,1605 ,808 ,797 ,1645 ,829 ,816 ,1751 ,882 ,869 ,1407 ,708 ,700 ,1817 ,917 ,900 ,1818 ,916 ,902 ,1853 ,935 ,918 ,1879 ,950 ,929 ,1931 ,976 ,955 ,1993 ,1010 ,983 
44,1537 ,773 ,764 ,1554 ,781 ,773 ,1602 ,806 ,796 ,1641 ,827 ,814 ,1746 ,879 ,867 ,1421 ,715 ,706 ,1813 ,915 ,898 ,1814 ,914 ,900 ,1850 ,932 ,918 ,1876 ,948 ,928 ,1940 ,981 ,959 
45,1550 ,778 ,772 ,1535 ,772 ,763 ,1551 ,780 ,771 ,1598 ,804 ,794 ,1636 ,824 ,812 ,1757 ,884 ,873 ,1418 ,713 ,705 ,1808 ,912 ,896 ,1811 ,912 ,899 ,1848 ,931 ,917 ,1881 ,951 ,930 
46,1582 ,794 ,788 ,1547 ,776 ,771 ,1531 ,770 ,761 ,1546 ,777 ,769 ,1593 ,801 ,792 ,1645 ,828 ,816 ,1754 ,882 ,872 ,1414 ,711 ,704 ,1805 ,909 ,895 ,1809 ,910 ,898 ,1852 ,935 ,917 
47,1540 ,770 ,769 ,1579 ,792 ,787 ,1544 ,774 ,769 ,1527 ,767 ,760 ,1541 ,774 ,767 ,1606 ,807 ,799 ,1641 ,826 ,815 ,1749 ,879 ,870 ,1412 ,709 ,703 ,1801 ,907 ,894 ,1812 ,914 ,898 
48,1501 ,752 ,750 ,1536 ,768 ,768 ,1575 ,789 ,785 ,1539 ,772 ,768 ,1522 ,764 ,757 ,1554 ,780 ,774 ,1603 ,805 ,798 ,1636 ,823 ,813 ,1746 ,877 ,869 ,1409 ,707 ,702 ,1808 ,912 ,896 
49,1581 ,791 ,790 ,1497 ,749 ,748 ,1532 ,766 ,766 ,1570 ,786 ,784 ,1534 ,768 ,765 ,1530 ,768 ,762 ,1550 ,778 ,772 ,1597 ,802 ,795 ,1633 ,821 ,811 ,1742 ,874 ,867 ,1413 ,710 ,703 
50,1637 ,820 ,817 ,1577 ,788 ,788 ,1493 ,746 ,746 ,1527 ,763 ,764 ,1564 ,783 ,782 ,1543 ,773 ,770 ,1526 ,765 ,760 ,1545 ,775 ,770 ,1594 ,799 ,794 ,1629 ,819 ,810 ,1744 ,877 ,867 
51,1640 ,820 ,820 ,1632 ,817 ,816 ,1572 ,785 ,786 ,1487 ,743 ,744 ,1521 ,759 ,762 ,1571 ,786 ,785 ,1539 ,770 ,768 ,1521 ,762 ,758 ,1541 ,772 ,769 ,1589 ,797 ,793 ,1634 ,821 ,812 
52,1746 ,870 ,876 ,1634 ,816 ,818 ,1627 ,813 ,813 ,1566 ,782 ,784 ,1481 ,739 ,742 ,1531 ,764 ,767 ,1566 ,783 ,783 ,1533 ,767 ,766 ,1516 ,759 ,757 ,1537 ,769 ,767 ,1592 ,799 ,793 
53,1845 ,918 ,927 ,1739 ,866 ,874 ,1628 ,812 ,816 ,1620 ,809 ,811 ,1560 ,778 ,782 ,1489 ,743 ,746 ,1525 ,761 ,765 ,1560 ,779 ,781 ,1528 ,764 ,764 ,1512 ,757 ,755 ,1539 ,772 ,767 
54,1960 ,975 ,985 ,1837 ,912 ,925 ,1732 ,861 ,871 ,1621 ,808 ,813 ,1613 ,804 ,809 ,1566 ,780 ,785 ,1484 ,740 ,744 ,1519 ,757 ,763 ,1555 ,776 ,779 ,1523 ,761 ,762 ,1515 ,759 ,756 
55,2112 ,1048 ,1064 ,1952 ,970 ,982 ,1829 ,907 ,922 ,1725 ,856 ,869 ,1614 ,803 ,811 ,1620 ,808 ,812 ,1559 ,776 ,783 ,1478 ,736 ,742 ,1514 ,753 ,761 ,1549 ,772 ,777 ,1525 ,762 ,763 
56,2318 ,1150 ,1168 ,2102 ,1041 ,1061 ,1943 ,963 ,979 ,1821 ,902 ,919 ,1717 ,851 ,866 ,1623 ,808 ,815 ,1613 ,803 ,810 ,1552 ,772 ,780 ,1472 ,732 ,740 ,1508 ,749 ,759 ,1554 ,776 ,778 
57,2302 ,1141 ,1161 ,2306 ,1142 ,1164 ,2092 ,1034 ,1057 ,1933 ,957 ,976 ,1812 ,896 ,916 ,1726 ,856 ,871 ,1616 ,803 ,813 ,1606 ,799 ,808 ,1546 ,768 ,778 ,1466 ,728 ,738 ,1511 ,752 ,759 
58,2189 ,1084 ,1104 ,2289 ,1132 ,1157 ,2293 ,1134 ,1160 ,2080 ,1027 ,1053 ,1922 ,949 ,973 ,1823 ,902 ,921 ,1718 ,850 ,868 ,1608 ,798 ,810 ,1599 ,794 ,805 ,1539 ,764 ,776 ,1468 ,730 ,739 
59,1373 ,677 ,696 ,2176 ,1075 ,1100 ,2276 ,1123 ,1153 ,2280 ,1124 ,1155 ,2068 ,1018 ,1050 ,1935 ,956 ,979 ,1814 ,896 ,918 ,1709 ,844 ,865 ,1600 ,793 ,808 ,1591 ,789 ,803 ,1543 ,765 ,777 
60,1477 ,722 ,755 ,1364 ,670 ,694 ,2161 ,1065 ,1096 ,2261 ,1113 ,1148 ,2266 ,1115 ,1151 ,2082 ,1027 ,1055 ,1924 ,949 ,975 ,1803 ,889 ,915 ,1700 ,838 ,862 ,1592 ,787 ,805 ,1594 ,790 ,804 
61,1803 ,878 ,924 ,1467 ,715 ,752 ,1354 ,664 ,691 ,2146 ,1055 ,1091 ,2247 ,1103 ,1144 ,2279 ,1121 ,1157 ,2069 ,1018 ,1051 ,1912 ,941 ,971 ,1793 ,882 ,911 ,1691 ,832 ,859 ,1592 ,787 ,805 
62,1752 ,853 ,898 ,1790 ,869 ,920 ,1456 ,708 ,749 ,1345 ,657 ,688 ,2131 ,1044 ,1087 ,2261 ,1110 ,1151 ,2263 ,1111 ,1152 ,2055 ,1009 ,1047 ,1900 ,932 ,967 ,1782 ,874 ,908 ,1691 ,832 ,859 
63,1798 ,873 ,925 ,1738 ,844 ,895 ,1776 ,860 ,917 ,1445 ,700 ,745 ,1335 ,650 ,685 ,2149 ,1053 ,1095 ,2245 ,1099 ,1146 ,2248 ,1100 ,1148 ,2042 ,999 ,1042 ,1887 ,924 ,963 ,1787 ,877 ,911 
64,1748 ,847 ,901 ,1784 ,863 ,921 ,1725 ,834 ,891 ,1762 ,850 ,912 ,1434 ,692 ,742 ,1342 ,653 ,689 ,2132 ,1042 ,1090 ,2228 ,1087 ,1141 ,2231 ,1089 ,1143 ,2027 ,989 ,1038 ,1888 ,924 ,964 
65,1590 ,767 ,823 ,1733 ,837 ,896 ,1769 ,852 ,916 ,1710 ,823 ,886 ,1747 ,839 ,908 ,1438 ,693 ,745 ,1331 ,645 ,685 ,2114 ,1029 ,1084 ,2210 ,1074 ,1136 ,2214 ,1077 ,1137 ,2023 ,986 ,1037 
66,1382 ,664 ,718 ,1575 ,757 ,819 ,1717 ,826 ,892 ,1752 ,841 ,911 ,1695 ,813 ,882 ,1746 ,837 ,909 ,1424 ,684 ,741 ,1319 ,637 ,682 ,2096 ,1017 ,1079 ,2191 ,1061 ,1130 ,2210 ,1073 ,1136 
67,1473 ,702 ,771 ,1368 ,654 ,713 ,1560 ,746 ,814 ,1700 ,814 ,886 ,1735 ,829 ,906 ,1687 ,807 ,880 ,1728 ,825 ,903 ,1411 ,674 ,737 ,1306 ,628 ,678 ,2076 ,1004 ,1073 ,2182 ,1056 ,1127 
68,1510 ,718 ,792 ,1457 ,691 ,766 ,1353 ,644 ,709 ,1542 ,734 ,808 ,1682 ,801 ,881 ,1728 ,823 ,905 ,1669 ,794 ,875 ,1710 ,813 ,898 ,1396 ,664 ,732 ,1293 ,619 ,674 ,2062 ,996 ,1067 
69,1506 ,711 ,795 ,1491 ,705 ,786 ,1439 ,679 ,760 ,1337 ,633 ,704 ,1526 ,723 ,803 ,1674 ,794 ,879 ,1708 ,809 ,899 ,1651 ,781 ,869 ,1692 ,800 ,892 ,1381 ,653 ,727 ,1282 ,612 ,669 
70,1435 ,670 ,765 ,1486 ,698 ,789 ,1472 ,692 ,780 ,1420 ,666 ,754 ,1320 ,622 ,698 ,1512 ,712 ,800 ,1653 ,780 ,873 ,1687 ,795 ,892 ,1631 ,768 ,863 ,1671 ,786 ,886 ,1367 ,645 ,722 
71,1349 ,624 ,725 ,1414 ,656 ,758 ,1465 ,683 ,782 ,1450 ,677 ,773 ,1402 ,653 ,748 ,1309 ,612 ,696 ,1491 ,698 ,793 ,1631 ,765 ,866 ,1665 ,780 ,885 ,1610 ,754 ,856 ,1654 ,775 ,879 
72,1341 ,614 ,727 ,1327 ,609 ,718 ,1392 ,641 ,750 ,1441 ,668 ,774 ,1429 ,663 ,766 ,1388 ,642 ,745 ,1289 ,599 ,690 ,1470 ,684 ,786 ,1608 ,749 ,858 ,1641 ,764 ,877 ,1589 ,741 ,848 
73,1296 ,589 ,708 ,1316 ,598 ,719 ,1304 ,594 ,710 ,1367 ,625 ,742 ,1417 ,651 ,766 ,1411 ,648 ,764 ,1365 ,627 ,738 ,1268 ,585 ,683 ,1447 ,669 ,778 ,1583 ,733 ,850 ,1619 ,749 ,870 
74,1239 ,556 ,683 ,1270 ,571 ,699 ,1290 ,581 ,710 ,1278 ,577 ,701 ,1342 ,609 ,734 ,1398 ,634 ,763 ,1385 ,631 ,755 ,1340 ,611 ,729 ,1247 ,571 ,676 ,1423 ,653 ,770 ,1557 ,715 ,842 
75,1161 ,514 ,647 ,1211 ,538 ,673 ,1242 ,553 ,689 ,1262 ,562 ,700 ,1251 ,560 ,692 ,1320 ,590 ,729 ,1369 ,616 ,753 ,1358 ,613 ,745 ,1315 ,594 ,720 ,1223 ,555 ,668 ,1397 ,635 ,761 
76,1114 ,486 ,628 ,1131 ,495 ,636 ,1181 ,519 ,662 ,1212 ,534 ,678 ,1233 ,543 ,689 ,1228 ,541 ,686 ,1289 ,571 ,718 ,1339 ,596 ,743 ,1329 ,594 ,735 ,1287 ,577 ,711 ,1198 ,540 ,659 
77,1058 ,455 ,603 ,1083 ,467 ,617 ,1101 ,476 ,625 ,1149 ,498 ,651 ,1181 ,514 ,667 ,1208 ,523 ,684 ,1196 ,521 ,675 ,1258 ,551 ,707 ,1307 ,576 ,731 ,1298 ,574 ,724 ,1257 ,557 ,700 
78,996 ,420 ,576 ,1025 ,435 ,590 ,1050 ,446 ,604 ,1067 ,455 ,612 ,1115 ,477 ,638 ,1154 ,493 ,661 ,1172 ,501 ,671 ,1163 ,500 ,662 ,1224 ,530 ,694 ,1273 ,555 ,718 ,1265 ,553 ,712 
79,951 ,390 ,561 ,962 ,399 ,563 ,990 ,413 ,577 ,1015 ,424 ,591 ,1032 ,433 ,599 ,1084 ,454 ,630 ,1116 ,470 ,646 ,1135 ,478 ,657 ,1127 ,478 ,649 ,1188 ,507 ,681 ,1237 ,532 ,705 
80,862 ,341 ,521 ,915 ,369 ,546 ,926 ,378 ,548 ,953 ,391 ,562 ,978 ,402 ,576 ,999 ,409 ,590 ,1044 ,430 ,614 ,1077 ,446 ,631 ,1096 ,455 ,642 ,1089 ,456 ,634 ,1148 ,483 ,665 
81,750 ,283 ,467 ,825 ,320 ,505 ,877 ,346 ,530 ,887 ,355 ,532 ,914 ,368 ,546 ,941 ,375 ,565 ,958 ,385 ,573 ,1002 ,405 ,597 ,1035 ,421 ,614 ,1055 ,430 ,625 ,1052 ,432 ,620 
82,670 ,233 ,438 ,714 ,264 ,451 ,787 ,298 ,488 ,836 ,323 ,513 ,847 ,332 ,515 ,877 ,342 ,535 ,897 ,350 ,547 ,915 ,360 ,555 ,957 ,379 ,578 ,990 ,395 ,595 ,1015 ,405 ,610 
83,604 ,200 ,404 ,635 ,215 ,420 ,677 ,244 ,433 ,745 ,276 ,469 ,794 ,300 ,494 ,809 ,306 ,503 ,832 ,316 ,515 ,852 ,325 ,527 ,870 ,335 ,535 ,911 ,353 ,558 ,945 ,369 ,576 
84,537 ,172 ,365 ,569 ,183 ,386 ,599 ,197 ,402 ,638 ,224 ,414 ,703 ,254 ,450 ,750 ,273 ,478 ,763 ,281 ,482 ,785 ,291 ,494 ,804 ,299 ,505 ,823 ,309 ,514 ,866 ,327 ,539 
85,516 ,161 ,355 ,502 ,156 ,346 ,533 ,167 ,366 ,561 ,180 ,381 ,598 ,204 ,394 ,655 ,225 ,429 ,702 ,247 ,454 ,715 ,256 ,459 ,735 ,265 ,470 ,755 ,273 ,482 ,771 ,281 ,490 
86,381 ,118 ,263 ,479 ,145 ,334 ,467 ,141 ,326 ,495 ,150 ,345 ,522 ,162 ,360 ,552 ,179 ,373 ,607 ,202 ,405 ,653 ,223 ,430 ,664 ,231 ,434 ,685 ,240 ,445 ,704 ,246 ,459 
87,356 ,106 ,249 ,350 ,105 ,245 ,440 ,129 ,312 ,430 ,125 ,305 ,457 ,134 ,323 ,477 ,139 ,338 ,508 ,158 ,349 ,558 ,179 ,379 ,602 ,198 ,403 ,614 ,206 ,408 ,632 ,213 ,420 
88,318 ,93 ,226 ,324 ,93 ,230 ,319 ,92 ,227 ,401 ,113 ,288 ,393 ,110 ,283 ,415 ,114 ,302 ,435 ,122 ,313 ,463 ,139 ,324 ,507 ,156 ,351 ,551 ,175 ,376 ,558 ,180 ,379 
89,283 ,79 ,204 ,286 ,80 ,206 ,292 ,81 ,211 ,287 ,79 ,208 ,362 ,98 ,264 ,354 ,92 ,262 ,374 ,98 ,276 ,392 ,105 ,286 ,417 ,120 ,297 ,458 ,135 ,323 ,490 ,149 ,341 
90,240 ,65 ,175 ,251 ,67 ,184 ,254 ,68 ,186 ,259 ,69 ,190 ,256 ,67 ,188 ,319 ,80 ,239 ,315 ,78 ,236 ,332 ,83 ,249 ,348 ,90 ,259 ,372 ,102 ,270 ,407 ,115 ,292 
91,206 ,53 ,153 ,210 ,54 ,156 ,221 ,56 ,164 ,222 ,57 ,165 ,228 ,58 ,170 ,221 ,54 ,167 ,279 ,67 ,213 ,276 ,65 ,211 ,291 ,70 ,222 ,307 ,75 ,232 ,326 ,85 ,241 
92,166 ,41 ,125 ,178 ,44 ,134 ,181 ,45 ,137 ,191 ,46 ,144 ,193 ,47 ,146 ,194 ,45 ,149 ,190 ,44 ,146 ,240 ,54 ,186 ,238 ,53 ,185 ,253 ,57 ,195 ,265 ,61 ,204 
93,132 ,31 ,101 ,141 ,33 ,108 ,152 ,36 ,116 ,154 ,36 ,118 ,163 ,38 ,125 ,161 ,36 ,125 ,164 ,36 ,128 ,161 ,35 ,126 ,204 ,43 ,160 ,203 ,43 ,160 ,205 ,44 ,161 
94,100 ,22 ,78 ,110 ,24 ,86 ,118 ,26 ,92 ,128 ,28 ,99 ,129 ,29 ,101 ,133 ,28 ,105 ,134 ,28 ,106 ,136 ,28 ,108 ,134 ,27 ,107 ,170 ,34 ,136 ,160 ,32 ,128 
95,76 ,16 ,60 ,81 ,17 ,65 ,91 ,19 ,72 ,98 ,20 ,77 ,106 ,22 ,84 ,98 ,20 ,78 ,108 ,21 ,87 ,109 ,22 ,87 ,111 ,21 ,90 ,110 ,21 ,89 ,132 ,25 ,107 
96,55 ,11 ,44 ,61 ,12 ,49 ,66 ,13 ,53 ,73 ,15 ,59 ,80 ,16 ,64 ,78 ,15 ,63 ,77 ,15 ,63 ,86 ,16 ,70 ,87 ,16 ,71 ,89 ,16 ,73 ,82 ,15 ,68 
97,38 ,7 ,31 ,43 ,8 ,35 ,49 ,9 ,40 ,52 ,9 ,42 ,59 ,11 ,48 ,56 ,10 ,46 ,60 ,11 ,49 ,59 ,10 ,49 ,67 ,12 ,56 ,68 ,12 ,56 ,64 ,11 ,54 
98,27 ,5 ,22 ,29 ,5 ,24 ,34 ,6 ,28 ,38 ,7 ,31 ,40 ,7 ,33 ,40 ,7 ,33 ,42 ,7 ,35 ,45 ,8 ,38 ,44 ,7 ,37 ,52 ,9 ,44 ,48 ,8 ,40 
99,16 ,3 ,13 ,20 ,3 ,17 ,22 ,4 ,19 ,26 ,4 ,22 ,29 ,5 ,24 ,26 ,4 ,22 ,29 ,5 ,25 ,31 ,5 ,26 ,33 ,5 ,28 ,32 ,5 ,27 ,35 ,5 ,30 
100,25 ,4 ,22 ,29 ,4 ,25 ,35 ,5 ,30 ,41 ,6 ,35 ,48 ,7 ,41 ,44 ,6 ,38 ,47 ,6 ,41 ,51 ,7 ,44 ,55 ,7 ,48 ,60 ,8 ,52 ,62 ,8 ,53 
,,,,,,,,,,,,,,,,,,,,,,,,,,,,,,,,,
,,,,,,,,,,,,,,,,,,,,,,,,,,,,,,,,,
,,,,,,,,,,,,,,,,,,,,,,,,,,,,,,,,,
注  1） 国勢調査による人口(年齢不詳の人口を各歳別にあん分した人口),,,,,,,,,,,,,,,,,,,,,,,,,,,,,,,,,
,,,,,,,,,,,,,,,,,,,,,,,,,,,,,,,,,
Note   1)   The Census population. (Unknown age population is included after being prorated to each age population.),,,,,,,,,,,,,,,,,,,,,,,,,,,,,,,,,
